{"window": "2025-06-01..2026-05", "start": {"SNEX": 56.12, "SNDK": 37.54, "MXL": 11.41, "CRDO": 60.21, "NEXA": 5.08, "CSTM": 12.24, "LITE": 73.0, "FN": 231.97, "GM": 49.1, "DY": 228.83, "NEM": 53.9, "B": 19.44, "TIGO": 37.39, "W": 40.75, "PARR": 22.2, "INCY": 64.88, "MU": 94.58, "TTMI": 29.73, "CDE": 8.435, "KGC": 15.11, "VISN": 6.0, "STRL": 187.88, "SSRM": 12.1, "UNFI": 30.5, "MFC": 31.83, "EAT": 172.36, "EZPW": 13.51, "ALL": 208.43, "CLS": 114.96, "CCL": 23.07, "AGX": 209.13, "POWL": 56.333333, "SYF": 57.49, "CVSA": 131.4, "BRK.B": 501.7, "BLBD": 38.46, "OKTA": 103.09, "TWLO": 117.6, "APP": 392.31, "TMUS": 239.57, "CAAP": 20.66}, "closes": {"SNEX": [60.76, 64.826667, 68.113333, 67.28, 61.28, 60.406667, 63.42, 74.84, 85.0, 80.65, 106.03, 113.35], "SNDK": [45.35, 42.92, 52.47, 112.2, 199.33, 223.28, 237.38, 576.25, 635.36, 635.34, 1096.51, 1694.98], "MXL": [14.21, 15.82, 15.72, 16.08, 15.15, 15.57, 17.43, 17.35, 17.43, 17.39, 70.75, 92.93], "CRDO": [92.59, 111.55, 123.055, 145.61, 187.62, 177.6, 143.89, 125.28, 112.27, 93.87, 174.01, 236.03], "NEXA": [4.96, 4.84, 4.88, 4.99, 5.81, 7.0, 8.85, 12.61, 13.65, 10.59, 15.11, 15.14], "CSTM": [13.3, 13.71, 14.49, 14.88, 15.73, 16.81, 18.85, 22.47, 24.89, 24.58, 31.28, 34.26], "LITE": [95.06, 110.08, 132.81, 162.71, 201.56, 325.16, 368.59, 391.84, 700.91, 702.76, 902.32, 854.96], "FN": [294.68, 323.73, 331.29, 364.62, 440.57, 459.41, 455.28, 489.44, 545.63, 521.52, 683.47, 654.16], "GM": [49.21, 53.34, 58.59, 60.97, 69.09, 73.52, 81.32, 84.0, 78.71, 74.5, 76.89, 83.24], "DY": [244.39, 268.81, 252.47, 291.76, 287.79, 361.53, 337.9, 364.39, 420.02, 338.82, 414.1, 510.0], "NEM": [58.26, 62.1, 74.4, 84.31, 80.97, 90.73, 99.85, 112.35, 130.0, 108.25, 111.09, 109.81], "B": [20.82, 21.12, 26.63, 32.77, 32.8, 41.34, 43.55, 45.79, 50.74, 40.79, 39.34, 42.55], "TIGO": [37.47, 40.15, 48.31, 48.54, 47.11, 53.07, 55.44, 61.03, 72.89, 74.94, 84.88, 85.36], "W": [51.14, 65.64, 74.6, 89.33, 103.51, 110.8, 100.41, 103.49, 76.33, 75.21, 63.93, 72.26], "PARR": [26.53, 31.38, 34.64, 35.42, 39.98, 45.65, 35.14, 37.74, 42.67, 62.64, 65.67, 56.16], "INCY": [68.1, 74.89, 84.61, 84.81, 93.48, 104.46, 98.77, 100.07, 101.27, 94.12, 95.27, 96.74], "MU": [123.25, 109.14, 119.01, 167.32, 223.77, 236.48, 285.41, 414.88, 412.37, 337.84, 517.16, 971.0], "TTMI": [40.82, 47.25, 44.57, 57.6, 67.2, 70.18, 69.0, 98.2, 104.24, 97.42, 158.22, 173.72], "CDE": [8.86, 8.69, 13.15, 18.76, 17.17, 17.27, 17.83, 20.44, 27.15, 18.77, 17.97, 19.32], "KGC": [15.63, 16.0, 20.9, 24.85, 23.24, 28.11, 28.16, 31.56, 36.99, 30.52, 30.24, 30.18], "VISN": [8.28, 8.2, 16.04, 15.48, 17.3, 19.74, 18.13, 18.0, 17.57, 18.2, 12.795, 12.48], "STRL": [230.73, 267.59, 278.53, 339.68, 377.9, 344.31, 306.23, 357.91, 428.13, 407.27, 515.62, 860.84], "SSRM": [12.74, 11.95, 19.31, 24.42, 22.56, 23.28, 21.92, 22.83, 32.19, 29.4, 28.81, 31.22], "UNFI": [23.31, 27.64, 28.28, 37.62, 37.65, 37.31, 33.67, 37.23, 38.21, 45.06, 50.02, 51.35], "MFC": [31.96, 30.96, 30.75, 31.15, 32.37, 35.21, 36.28, 38.11, 35.54, 34.44, 39.29, 38.19], "EAT": [180.33, 157.6, 155.98, 126.68, 108.66, 153.79, 143.52, 157.72, 148.2, 142.77, 152.24, 142.38], "EZPW": [13.88, 14.32, 16.67, 19.04, 18.25, 19.28, 19.42, 21.45, 26.53, 25.38, 32.78, 31.24], "ALL": [201.31, 203.25, 203.45, 214.65, 191.52, 212.98, 208.15, 198.99, 214.52, 207.34, 217.26, 206.09], "CLS": [156.11, 199.86, 194.75, 246.38, 344.48, 344.41, 295.61, 280.99, 277.63, 281.68, 409.59, 385.39], "CCL": [28.12, 29.77, 31.89, 28.91, 28.83, 25.78, 30.54, 30.02, 31.55, 25.88, 26.51, 28.06], "AGX": [220.48, 244.98, 228.22, 270.05, 306.21, 395.2, 313.32, 347.11, 451.25, 544.65, 669.98, 667.02], "POWL": [70.15, 79.033333, 88.72, 101.603333, 127.796667, 107.74, 106.26, 147.863333, 174.533333, 180.36, 277.27, 284.42], "SYF": [66.74, 69.67, 76.34, 71.05, 74.38, 77.36, 83.43, 72.63, 69.11, 68.02, 76.2, 71.44], "CVSA": [127.23, 114.27, 130.95, 154.45, 98.02, 92.56, 103.47, 103.55, 98.0, 115.25, 115.22, 117.8], "BRK.B": [485.77, 471.88, 502.98, 502.74, 477.54, 513.81, 502.65, 480.53, 504.95, 479.2, 473.6, 474.48], "BLBD": [43.16, 44.79, 58.39, 57.55, 49.96, 52.22, 47.0, 50.31, 58.27, 56.79, 64.11, 67.77], "OKTA": [99.97, 97.8, 92.77, 91.7, 91.53, 80.33, 86.47, 84.48, 72.5, 78.71, 73.65, 123.27], "TWLO": [124.36, 129.0, 105.61, 100.09, 134.88, 129.69, 142.24, 120.46, 120.96, 125.82, 148.06, 190.64], "APP": [350.08, 390.7, 478.59, 718.54, 637.33, 599.48, 673.82, 473.11, 434.77, 398.0, 446.35, 613.09], "TMUS": [238.26, 238.41, 251.99, 239.38, 210.05, 209.01, 203.04, 197.21, 217.09, 210.03, 195.5, 187.53], "CAAP": [20.26, 19.91, 21.51, 18.12, 22.16, 25.35, 26.0, 29.64, 28.5, 25.29, 24.95, 26.6]}, "spy_start": 587.76, "spy_closes": [617.85, 632.08, 645.05, 666.18, 682.06, 683.39, 681.92, 691.97, 685.99, 650.34, 718.66, 756.48]}